i_item_id|s_state|g_state|agg1|agg2|agg3|agg4
NULL|NULL|1|50.640012871048185|75.61129457644836|189.3094959166432|37.75806064993565
AAAAAAAAAAAABAAA|NULL|1|65.0|100.24|0.0|68.16
AAAAAAAAAAAABAAA|TN|0|65.0|100.24|0.0|68.16
AAAAAAAAAAABBAAA|NULL|1|57.0|28.44|0.0|16.21
AAAAAAAAAAABBAAA|TN|0|57.0|28.44|0.0|16.21
AAAAAAAAAAACAAAA|NULL|1|67.5|96.665|0.0|80.935
AAAAAAAAAAACAAAA|TN|0|67.5|96.665|0.0|80.935
AAAAAAAAAAAEBAAA|NULL|1|79.5|92.95|0.0|47.7
AAAAAAAAAAAEBAAA|TN|0|79.5|92.95|0.0|47.7
AAAAAAAAAAAIAAAA|NULL|1|37.0|138.48|0.0|0.0
AAAAAAAAAAAIAAAA|TN|0|37.0|138.48|0.0|0.0
AAAAAAAAAAALAAAA|NULL|1|71.0|16.45|111.12|11.18
AAAAAAAAAAALAAAA|TN|0|71.0|16.45|111.12|11.18
AAAAAAAAAAANAAAA|NULL|1|84.5|119.455|163.815|42.025
AAAAAAAAAAANAAAA|TN|0|84.5|119.455|163.815|42.025
AAAAAAAAAABAAAAA|NULL|1|27.5|55.755|0.0|53.78
AAAAAAAAAABAAAAA|TN|0|27.5|55.755|0.0|53.78
AAAAAAAAAABDAAAA|NULL|1|65.5|97.05|0.0|44.47
AAAAAAAAAABDAAAA|TN|0|65.5|97.05|0.0|44.47
AAAAAAAAAABDBAAA|NULL|1|79.0|123.5|0.0|107.44
AAAAAAAAAABDBAAA|TN|0|79.0|123.5|0.0|107.44
AAAAAAAAAABEAAAA|NULL|1|74.0|138.26|0.0|96.78
AAAAAAAAAABEAAAA|TN|0|74.0|138.26|0.0|96.78
AAAAAAAAAABGBAAA|NULL|1|63.0|106.03|1312.805|55.395
AAAAAAAAAABGBAAA|TN|0|63.0|106.03|1312.805|55.395
AAAAAAAAAABIBAAA|NULL|1|27.0|72.39|0.0|36.19
AAAAAAAAAABIBAAA|TN|0|27.0|72.39|0.0|36.19
AAAAAAAAAABMAAAA|NULL|1|98.0|155.53|832.04|9.33
AAAAAAAAAABMAAAA|TN|0|98.0|155.53|832.04|9.33
AAAAAAAAAABNAAAA|NULL|1|68.0|41.27|0.0|12.38
AAAAAAAAAABNAAAA|TN|0|68.0|41.27|0.0|12.38
AAAAAAAAAACBBAAA|NULL|1|76.0|15.24|0.0|9.52
AAAAAAAAAACBBAAA|TN|0|76.0|15.24|0.0|9.52
AAAAAAAAAACDAAAA|NULL|1|81.0|93.06|2163.29|65.14
AAAAAAAAAACDAAAA|TN|0|81.0|93.06|2163.29|65.14
AAAAAAAAAACEBAAA|NULL|1|50.5|82.29|0.0|63.3
AAAAAAAAAACEBAAA|TN|0|50.5|82.29|0.0|63.3
AAAAAAAAAACFBAAA|NULL|1|49.0|104.18|0.0|45.83
AAAAAAAAAACFBAAA|TN|0|49.0|104.18|0.0|45.83
AAAAAAAAAACHBAAA|NULL|1|62.0|33.46|0.0|18.06
AAAAAAAAAACHBAAA|TN|0|62.0|33.46|0.0|18.06
AAAAAAAAAACLAAAA|NULL|1|12.0|143.06|0.0|138.76
AAAAAAAAAACLAAAA|TN|0|12.0|143.06|0.0|138.76
AAAAAAAAAACMAAAA|NULL|1|31.0|133.67|155.79|125.64
AAAAAAAAAACMAAAA|TN|0|31.0|133.67|155.79|125.64
AAAAAAAAAADBBAAA|NULL|1|90.0|174.32|0.0|67.98
AAAAAAAAAADBBAAA|TN|0|90.0|174.32|0.0|67.98
AAAAAAAAAADEAAAA|NULL|1|100.0|60.48|0.0|0.6
AAAAAAAAAADEAAAA|TN|0|100.0|60.48|0.0|0.6
AAAAAAAAAADFAAAA|NULL|1|45.333333333333336|105.94666666666666|90.98333333333333|63.24333333333333
AAAAAAAAAADFAAAA|TN|0|45.333333333333336|105.94666666666666|90.98333333333333|63.24333333333333
AAAAAAAAAADLAAAA|NULL|1|82.0|85.2|973.63|28.96
AAAAAAAAAADLAAAA|TN|0|82.0|85.2|973.63|28.96
AAAAAAAAAADOAAAA|NULL|1|25.0|104.28|0.0|21.89
AAAAAAAAAADOAAAA|TN|0|25.0|104.28|0.0|21.89
AAAAAAAAAAEBAAAA|NULL|1|76.0|25.19|0.0|16.37
AAAAAAAAAAEBAAAA|TN|0|76.0|25.19|0.0|16.37
AAAAAAAAAAEDBAAA|NULL|1|26.0|85.73|0.0|6.85
AAAAAAAAAAEDBAAA|TN|0|26.0|85.73|0.0|6.85
AAAAAAAAAAEEAAAA|NULL|1|71.0|34.41|0.0|33.72
AAAAAAAAAAEEAAAA|TN|0|71.0|34.41|0.0|33.72
AAAAAAAAAAEFBAAA|NULL|1|58.0|17.79|0.0|14.94
AAAAAAAAAAEFBAAA|TN|0|58.0|17.79|0.0|14.94
AAAAAAAAAAEGAAAA|NULL|1|11.0|76.67|244.94|69.165
AAAAAAAAAAEGAAAA|TN|0|11.0|76.67|244.94|69.165
AAAAAAAAAAEGBAAA|NULL|1|24.0|38.11|799.5|35.82
AAAAAAAAAAEGBAAA|TN|0|24.0|38.11|799.5|35.82
AAAAAAAAAAEMAAAA|NULL|1|56.0|140.29|0.0|16.83
AAAAAAAAAAEMAAAA|TN|0|56.0|140.29|0.0|16.83
AAAAAAAAAAEPAAAA|NULL|1|72.0|29.3|579.96|16.11
AAAAAAAAAAEPAAAA|TN|0|72.0|29.3|579.96|16.11
AAAAAAAAAAFCAAAA|NULL|1|69.0|91.17|0.0|76.58
AAAAAAAAAAFCAAAA|TN|0|69.0|91.17|0.0|76.58
AAAAAAAAAAFCBAAA|NULL|1|71.0|15.13|0.0|1.05
AAAAAAAAAAFCBAAA|TN|0|71.0|15.13|0.0|1.05
AAAAAAAAAAFDAAAA|NULL|1|39.5|41.465|0.0|21.505
AAAAAAAAAAFDAAAA|TN|0|39.5|41.465|0.0|21.505
AAAAAAAAAAFGAAAA|NULL|1|93.0|154.81|10642.17|119.2
AAAAAAAAAAFGAAAA|TN|0|93.0|154.81|10642.17|119.2
AAAAAAAAAAFHBAAA|NULL|1|58.0|92.19|0.0|61.76
AAAAAAAAAAFHBAAA|TN|0|58.0|92.19|0.0|61.76
AAAAAAAAAAFIAAAA|NULL|1|84.0|69.93|0.0|3.49
AAAAAAAAAAFIAAAA|TN|0|84.0|69.93|0.0|3.49
AAAAAAAAAAFIBAAA|NULL|1|76.0|9.07|0.0|4.08
AAAAAAAAAAFIBAAA|TN|0|76.0|9.07|0.0|4.08
AAAAAAAAAAFLAAAA|NULL|1|77.0|106.0|0.0|60.42
AAAAAAAAAAFLAAAA|TN|0|77.0|106.0|0.0|60.42
AAAAAAAAAAFMAAAA|NULL|1|45.0|130.31|0.0|48.875
AAAAAAAAAAFMAAAA|TN|0|45.0|130.31|0.0|48.875
AAAAAAAAAAFOAAAA|NULL|1|38.0|37.62|417.39|27.46
AAAAAAAAAAFOAAAA|TN|0|38.0|37.62|417.39|27.46
AAAAAAAAAAFPAAAA|NULL|1|NULL|NULL|NULL|NULL
AAAAAAAAAAFPAAAA|TN|0|NULL|NULL|NULL|NULL
AAAAAAAAAAGBBAAA|NULL|1|13.0|39.23|0.0|19.22
AAAAAAAAAAGBBAAA|TN|0|13.0|39.23|0.0|19.22
AAAAAAAAAAGDBAAA|NULL|1|22.0|92.23|0.0|73.78
AAAAAAAAAAGDBAAA|TN|0|22.0|92.23|0.0|73.78
AAAAAAAAAAGEAAAA|NULL|1|33.0|127.06|0.0|108.0
AAAAAAAAAAGEAAAA|TN|0|33.0|127.06|0.0|108.0
AAAAAAAAAAGGBAAA|NULL|1|58.0|112.42|35.84|12.36
